Name,Age,Grade_Math,Grade_Science,Grade_History,Average_Grade
Alice,20,85,92,78,85.0
Bob,21,90,88,85,87.66666666666667
Charlie,22,78,95,88,87.0
David,20,92,89,92,91.0
Eva,23,88,84,90,87.33333333333333
